id,artist,name,duration,bpm,mood,score
4jvjzW7Hm0yK4LvvE0Paz9,Lil Peep;XXXTENTACION,Falling Down - Bonus Track,3.27,120.013,energik,81
3o7TMr6RmIusYH7Kkg7ujR,Korn,Coming Undone,3.33,75.052,relaksasi,75
6Xom58OOXk2SoU711L2IXO,Bad Bunny,Moscow Mule,4.1,99.968,fokus,94
3UmaczJpikHgJFyBTAJVoz,Eminem;Dido,Stan,6.74,80.063,fokus,85
086myS9r57YsLbJpU0TgK9,Arctic Monkeys,Why'd You Only Call Me When You're High?,2.69,92.004,fokus,88
1Eolhana7nKHYpcYpdVcT5,Jimi Hendrix,Little Wing,2.43,70.776,relaksasi,71
0QQIhT6PtJ5glyn4HKNKQ6,KALEO,All the Pretty Girls,4.5,74.747,relaksasi,70
6VObnIkLVruX4UVyxWhlqm,Adele,Skyfall,4.77,75.881,relaksasi,78
6VBhH7CyP56BXjp8VsDFPZ,Pritam;Arijit Singh;Amitabh Bhattacharya,"Kesariya (From ""Brahmastra"")",4.47,94.009,fokus,88
60a0Rd6pjrkxjPbaKzXjfq,Linkin Park,In the End,3.61,105.143,fokus,85
2K7xn816oNHJZ0aVqdQsha,The Neighbourhood,Softcore,3.44,93.986,fokus,86
2Y0iGXY6m6immVb2ktbseM,MGMT,Little Dark Age,5.0,97.512,fokus,83
6dBUzqjtbnIa1TwYbyw5CM,TV Girl,Lovers Rock,3.57,104.97,fokus,83
0WtM2NBVQNNJLh6scP13H8,Rema;Selena Gomez,Calm Down (with Selena Gomez),3.99,106.999,fokus,92
5fwSHlTEWpluwOM0Sxnh5k,Farruko,Pepas,4.79,130.001,energik,86
5fhcuVxuBWfgNXGuyAtLmr,Piso 21;Manuel Turizo,Los Cachos,3.54,91.966,fokus,85
7pKfPomDEeI4TPT6EOYjn9,John Lennon,Imagine - Remastered 2010,3.13,75.752,relaksasi,77
3gVhsZtseYtY1fMuyYq06F,Rammstein,Sonne,4.54,75.098,relaksasi,74
58UKC45GPNTflCN6nwCUeF,Walker Hayes,Fancy Like,2.7,79.994,relaksasi,77
5FVd6KXrgO9B3JPmC8OPst,Arctic Monkeys,Do I Wanna Know?,4.54,85.03,fokus,88
2DgdHcjWmO3qd50RzuBLgZ,Panic! At The Disco,House of Memories,3.48,109.952,fokus,85
5O2P9iiztwhomNh8xkR9lJ,One Direction,Night Changes,3.78,120.001,energik,88
5CZ40GBx1sQ9agT82CLQCT,Olivia Rodrigo,traitor,3.82,100.607,fokus,88
7GNRUsU3M4XNDDB9xle5Dz,PSY;SUGA,That That (prod. & feat. SUGA of BTS),2.91,129.969,energik,81
7zwn1eykZtZ5LODrf7c0tS,The Neighbourhood,You Get Me So High,2.55,88.036,fokus,83
4IhTXiZLKATmwhMZIb1GQN,Tom Rosenthal,Lights Are On,3.23,135.965,energik,81
3rb0tMq42WfggucPm0HHkA,MEDUZA;James Carter;Elley Duhé;FAST BOY,Bad Memories (feat. Elley Duhé & FAST BOY),2.48,123.998,energik,85
6rrKbzJGGDlSZgLphopS49,The Score,Unstoppable,3.2,78.001,relaksasi,73
5E30LdtzQTGqRvNd7l6kG5,The Neighbourhood,Daddy Issues,4.34,85.012,fokus,87
0loZn1c5heXie7OAtvK6nH,Jubin Nautiyal;Rocky - Shiv,Humnava Mere,5.48,79.144,relaksasi,72
5GF0X7GdNmnouKcdhhRmtm,Paulo Londra;Duki,Party en el Barrio (feat. Duki),3.94,135.026,energik,83
31AOj9sFz2gM0O3hMARRBx,R.E.M.,Losing My Religion,4.47,125.639,energik,84
3dYD57lRAUcMHufyqn9GcI,Hozier,Take Me To Church,4.03,128.945,energik,83
4QxDOjgpYtQDxxbWPuEJOy,Nat King Cole,L-O-V-E,2.59,78.231,relaksasi,71
29d0nY7TzCoi22XBqDQkiP,Kate Bush,Running Up That Hill (A Deal With God) - 2018 Remaster,5.01,108.296,fokus,85
0E0DRHf5PfMeor0ZCwB3oT,Bad Bunny;The Marías,Otro Atardecer,4.07,108.02,fokus,85
1cKHdTo9u0ZymJdPGSh6nq,The Weeknd;Gesaffelstein,I Was Never There,4.02,113.26,fokus,90
3sa06xVNmLLYIxdNNmVQN8,Jax Jones;MNEK,Where Did You Go? (feat. MNEK),2.96,127.034,energik,83
0GONea6G2XdnHWjNZd6zt3,Bryan Adams,Summer Of '69,3.6,139.131,energik,82
6Dy1jexKYriXAVG6evyUTJ,Joel Corry;Jax Jones;Charli XCX;Saweetie,OUT OUT (feat. Charli XCX & Saweetie),2.71,123.97,energik,81
5l6hpyTGBK0LAAxgPnqTQL,The Fray,Look After You,4.45,78.039,relaksasi,71
5TXDeTFVRVY7Cvt0Dw4vWW,XXXTENTACION,Revenge,2.0,139.999,energik,87
07UDTaRYJAsIhUZTyZSUzM,Huma,Ons,3.22,76.153,relaksasi,71
2tTmW7RDtMQtBk7m2rYeSw,Bizarrap;Quevedo,"Quevedo: Bzrp Music Sessions, Vol. 52",3.32,128.033,energik,99
0GjEhVFGZW8afUYGChu3Rr,ABBA,Dancing Queen,3.84,100.804,fokus,83
6m1TWFMeon7ai9XLOzdbiR,BTS,FAKE LOVE,4.04,77.502,relaksasi,76
62AuGbAkt8Ox2IrFFb8GKV,Neil Diamond,Sweet Caroline,3.39,63.05,relaksasi,78
2Fv2injs4qAm8mJBGaxVKU,Arijit Singh;Mithoon,"Tujhe Kitna Chahne Lage (From ""Kabir Singh"")",4.75,70.368,relaksasi,72
0Be7sopyKMv8Y8npsUkax2,Sebastian Yatra,Tacones Rojos,3.16,123.031,energik,81
4tYFy8ALRjIZvnvSLw5lxN,Bad Bunny;Rauw Alejandro,Party,3.79,97.013,fokus,90
3gdewACMIVMEWVbyb8O9sY,Elton John,"Rocket Man (I Think It's Going To Be A Long, Long Time)",4.69,136.571,energik,81
4fouWK6XVHhzl78KzQ1UjL,GAYLE,abcdefu,2.81,121.932,energik,86
0SpkyS1Q4MD8GaVcP5YjT4,Cigarettes After Sex,Sunsetz,3.59,75.37,relaksasi,78
3kNVYo6BJE9AENxzokM9YC,Calle 13,Muerte En Hawaii,3.16,79.989,relaksasi,71
2TDyyEBasw10wu5Uh94bR1,Rauw Alejandro;Baby Rasta,PUNTO 40,3.18,106.972,fokus,85
1Omt5bfz1tZUCqd26HxbS0,Leon Bridges,Beyond,4.01,76.014,relaksasi,73
40KuvsFD0zpUFuCcmt5Xm0,XXXTENTACION,Ex Bitch,2.03,78.99,relaksasi,73
7floNISpH8VF4z4459Qo18,XXXTENTACION,Look At Me!,2.11,139.059,energik,82
6Sq7ltF9Qa7SNFBsV5Cogx,Bad Bunny;Chencho Corleone,Me Porto Bonito,2.98,92.005,fokus,97
5CzixCxDkRXX9mScCmah8O,Bad Bunny,Un Ratito,2.95,93.05,fokus,87
4cG7HUWYHBV6R6tHn1gxrl,Riton;Nightcrawlers;Mufasa & Hypeman;Dopamine,Friday (feat. Mufasa & Hypeman) - Dopamine Re-Edit,2.82,122.98,energik,82
4iJyoBOLtHqaGxP12qzhQI,Justin Bieber;Daniel Caesar;Giveon,Peaches (feat. Daniel Caesar & Giveon),3.3,90.03,fokus,86
3Wrjm47oTz2sjIgck11l5e,Måneskin,Beggin',3.53,134.002,energik,86
2prnn41CblB8B4yWACDljP,Shouse;David Guetta,Love Tonight - David Guetta Remix Edit,2.63,126.002,energik,81
3k3NWokhRRkEPhCzPmV8TW,Bad Bunny;Bomba Estéreo,Ojitos Lindos,4.3,79.928,relaksasi,95
1xzi1Jcr7mEi9K2RfzLOqS,Beyoncé,CUFF IT,3.76,115.042,fokus,93
4fSar1liXyxCK3lOcWHUE1,Natalia Jiménez,Creo en Mi,3.82,79.845,relaksasi,72
4BP3uh0hFLFRb5cjsgLqDh,Creedence Clearwater Revival,Fortunate Son,2.35,132.77,energik,82
0T5iIrXA4p5GsubkhuBIKV,Stephen Sanchez,Until I Found You,2.96,101.358,fokus,90
51Grh1RyUDcMBbpuyUIUHI,Liana Flores,rises the moon,2.7,137.35,energik,81
4zN21mbAuaD0WqtmaTZZeP,James Hype;Miggy Dela Rosa,Ferrari,3.11,125.004,energik,90
15JINEqzVMv3SvJTAXAKED,Eminem;Rihanna,Love The Way You Lie,4.39,86.989,fokus,83
5UlnuulVAVmmesw4VzqHdG,Imagine Dragons;Arcane;League of Legends,Enemy - From the series Arcane League of Legends,2.89,77.029,relaksasi,80
0yowbJnnbTLpr99f9l1uba,Arctic Monkeys,There’d Better Be A Mirrorball,4.43,72.062,relaksasi,77
3fjN3y5x4hN53rykAN2LHQ,Rels B,cómo dormiste?,1.88,126.426,energik,89
0mBP9X2gPCuapvpZ7TGDk3,Charlie Puth;Jung Kook;BTS,Left and Right (Feat. Jung Kook of BTS),2.57,101.058,fokus,92
04sN26COy28wTXYj3dMoiZ,Billie Eilish,Bored,3.02,119.959,fokus,85
2gYj9lubBorOPIVWsTXugG,IVE,After LIKE,2.95,125.014,energik,88
2lNTHWu2I5Tcz9ukWsV5Jj,Jordan Davis,Next Thing You Know,2.92,78.526,relaksasi,75
75FYqcxt1YEAtqDLrOeIJn,Bob Marley & The Wailers,Three Little Birds,3.0,74.126,relaksasi,78
41CgzGD7xlgnJe14R4cqkL,Lauv,Paris in the Rain,3.41,76.309,relaksasi,73
5sICkBXVmaCQk5aISGR3x1,Metallica,Enter Sandman,5.52,123.257,energik,81
6lOWoTqVnAWXchddtTH31W,Tom Walker,Leave a Light On,3.1,68.976,relaksasi,71
28GCbKgjlVD9eDmasGbe0T,Bad Bunny,Me Fui de Vacaciones,3.02,85.046,fokus,85
7vguMCv8uVuZLiQJ156u3Z,Sam Tinnesz;Yacht Money,Play with Fire (feat. Yacht Money),3.01,75.012,relaksasi,76
2zYzyRzz6pRmhPzyfMEC8s,AC/DC,Highway to Hell,3.47,115.728,fokus,85
0QBzMgT7NIeoCYy3sJCof1,Camila Cabello;Ed Sheeran,Bam Bam (feat. Ed Sheeran),3.43,94.996,fokus,87
0UvZcEfpzVyx47QsRbjyBz,Bad Bunny,El Apagón,3.36,117.765,fokus,83
2Ch7LmS7r2Gy2kc64wv3Bz,The Weeknd,Die For You,4.34,133.249,energik,88
63WuQOXohQIxOxIFA2K7bR,Måneskin,SUPERMODEL,2.47,120.983,energik,83
1r9xUipOqoNwggBpENDsvJ,Imagine Dragons;JID;Arcane;League of Legends,Enemy (with JID) - from the series Arcane League of Legends,2.89,77.011,relaksasi,86
0gPgdRfB4jdGrlyXS0Vx78,Vishal-Shekhar;KK;Shilpa Rao,Khuda Jaane,5.56,78.936,relaksasi,72
19gCnDoMbugHhF7eMpLpe1,Pink Sweat$,Honesty,3.15,79.975,relaksasi,70
503OTo2dSqe7qk76rgsbep,Dr. Dre;Snoop Dogg,Still D.R.E.,4.51,93.431,fokus,84
3Vi5XqYrmQgOYBajMWSvCi,Doja Cat,Need to Know,3.51,130.041,energik,84
2tjWCe2W7sgvS3C8NHcdtI,Akhil;Dhvani Bhanushali;Abhijit Vaghani;Bob,"Duniyaa (From ""Luka Chuppi"")",3.71,77.17,relaksasi,74
7EyhPjrJzjx0fk2i7vUJCS,BLACKPINK,Pink Venom,3.12,90.016,fokus,85
5Eax0qFko2dh7Rl2lYs3bx,Bad Bunny,Efecto,3.55,98.047,fokus,96
41wtwzCZkXwpnakmwJ239F,Bad Bunny,Si Veo a Tu Mamá,2.85,129.928,energik,82
4qu63nuBpdn0qHUHuObEj1,Marshmello;Jonas Brothers,Leave Before You Love Me (with Jonas Brothers),2.58,119.976,fokus,85
0fX4oNGBWO3dSGUZcVdVV2,Kendrick Lamar,N95,3.27,139.956,energik,83
0z8hI3OPS8ADPWtoCjjLl6,Shawn Mendes;Tainy,Summer of Love (Shawn Mendes & Tainy),3.07,123.988,energik,82
6TfBA04WJ3X1d1wXhaCFVT,The Offspring,"You're Gonna Go Far, Kid",2.96,126.115,energik,81
5cF0dROlMOK5uNZtivgu50,Charlie Puth,Attention,3.48,100.066,fokus,83
3dPQuX8Gs42Y7b454ybpMR,The White Stripes,Seven Nation Army,3.87,123.596,energik,84
60F6pgM6H6miNr5AmjxwjL,The Neighbourhood,Fallen Star,3.75,75.001,relaksasi,70
0tyR7Bu9P086aWBFZ4QJoo,All Time Low;blackbear,Monsters (feat. blackbear),2.9,78.532,relaksasi,71
6jjYDGxVJsWS0a5wlVF5vS,BTS,Butter,2.75,109.997,fokus,83
1Xi84slp6FryDSCbzq4UCD,Duncan Laurence,Arcade,3.06,71.884,relaksasi,80
3GCdLUSnKSMJhs4Tj6CV3s,Kendrick Lamar;SZA,All The Stars (with SZA),3.87,96.924,fokus,83
44XjoNvtwevktFKjvVe1vH,Bad Bunny;Buscabulla,Andrea,5.66,103.071,fokus,86
7tqhbajSfrz2F7E1Z75ASX,Marvin Gaye;Tammi Terrell,Ain't No Mountain High Enough,2.53,129.991,energik,82
3ZFTkvIE7kyPt6Nu3PEa7V,Shakira;Wyclef Jean,Hips Don't Lie (feat. Wyclef Jean),3.63,100.024,fokus,84
3YRCqOhFifThpSRFJ1VWFM,Guns N' Roses,November Rain,8.93,79.759,relaksasi,81
3jZDWsoxRHzzp3DYV8qeXE,Teqkoi;Aiko,You Broke My Heart Again,1.72,74.918,relaksasi,71
22vgEDb5hykfaTwLuskFGD,Jonas Brothers,Sucker,3.02,137.958,energik,81
2Fxmhks0bxGSBdJ92vM42m,Billie Eilish,bad guy,3.23,135.128,energik,84
3eekarcy7kvN4yt5ZFzltW,Travis Scott,HIGHEST IN THE ROOM,2.93,76.469,relaksasi,82
3khEEPRyBeOUabbmOPJzAG,Kenshi Yonezu,KICK BACK,3.22,101.921,fokus,83
0HaRLPnr887lcQM2YQzkff,Burna Boy;Ed Sheeran,For My Hand (feat. Ed Sheeran),2.65,104.059,fokus,83
3nqQXoyQOWXiESFLlDF1hG,Sam Smith;Kim Petras,Unholy (feat. Kim Petras),2.62,131.121,energik,100
4RvWPyQ5RL0ao9LPZeSouE,Tears For Fears,Everybody Wants To Rule The World,4.19,112.067,fokus,87
47UFoOuvrkt4khE7c5aap6,Sub Urban,Cradles,3.5,79.056,relaksasi,76
1yTTMcUhL7rtz08Dsgb7Qb,Maren Morris;Hozier,The Bones - with Hozier,3.29,76.826,relaksasi,71
7DnAm9FOTWE3cUvso43HhI,Ava Max,Sweet but Psycho,3.12,133.002,energik,81
4xqrdfXkTW4T0RauPLv3WA,Conan Gray,Heather,3.3,102.078,fokus,87
7MIhUdNJtaOnDmC5nBC1fb,Alok;Ella Eyre;Kenny Dope;Never Dull,Deep Down (feat. Never Dull),2.76,125.952,energik,84
60ynsPSSKe6O3sfwRnIBRf,Doja Cat,Streets,3.78,90.035,fokus,83
3BHR1mJOqn2UZyq98YKPgd,BLACKPINK,Typa Girl,2.99,131.966,energik,82
7tUSJY4nsDBJTjd1UXKRsT,Jodi Benson;Disney,Part of Your World,3.26,61.551,relaksasi,70
1DIXPcTDzTj8ZMHt3PDt8p,Coolio;L.V.,Gangsta's Paradise,4.01,79.975,relaksasi,89
5XeFesFbtLpXzIVDNQP22n,Arctic Monkeys,I Wanna Be Yours,3.07,67.528,relaksasi,92
0yc6Gst2xkRu0eMLeRMGCX,Cigarettes After Sex,Apocalypse,4.84,94.485,fokus,84
0RDqNCRBGrSegk16Avfzuq,TWICE,Talk that Talk,2.96,119.973,fokus,86
59nOXPmaKlBfGMDeOVGrIK,Future;Drake;Tems,WAIT FOR U (feat. Drake & Tems),3.16,83.389,fokus,89
2HZLXBOnaSRhXStMLrq9fD,Ghost,Mary On A Cross,4.08,130.02,energik,88
69xohKu8C1fsflYAiSNbwM,BTS,Run BTS,3.42,77.004,relaksasi,84
4191RXFPa7Ge9XkA4cWlna,Billie Eilish,Lost Cause,3.54,74.966,relaksasi,73
1ZdhOMWyFR8Iv9eylMGYg2,Labrinth,Mount Everest,2.62,87.724,fokus,83
5gflgO9EPbIBf16n5TKnQS,Zion & Lennox,Yo Voy (feat. Daddy Yankee),3.87,95.06,fokus,84
4SqWKzw0CbA05TGszDgMlc,The Walters,I Love You So,2.67,75.977,relaksasi,89
5aucVLKiumD89mxVCB4zvS,Crush;j-hope,Rush Hour (Feat. j-hope of BTS),2.96,95.035,fokus,83
0jllH0usRFD4LJkJnGK9Lf,Olivia O'Brien,Complicated,3.15,74.99,relaksasi,71
7LNm1oWd6PniO9wRYpNY5o,Delaney Bailey,j's lullaby (darlin' i'd wait for you),4.84,76.068,relaksasi,71
7a53HqqArd4b9NF4XAmlbI,Ava Max,Kings & Queens,2.71,129.857,energik,81
1aL9518P5G72N92b48tuKw,AP Dhillon,Summer High,2.96,114.984,fokus,83
1158ckiB5S4cpsdYHDB9IF,Deftones,My Own Summer (Shove It),3.58,71.841,relaksasi,76
10nyNJ6zNy2YVYLrcwLccB,Radiohead,No Surprises,3.82,76.426,relaksasi,82
3hRV0jL3vUpRrcy398teAU,Lord Huron,The Night We Met,3.47,87.01,fokus,83
6dGnYIeXmHdcikdzNNDMm2,The Beatles,Here Comes The Sun - Remastered 2009,3.1,129.171,energik,82
4e9eGQYsOiBcftrWXwsVco,System Of A Down,Aerials,3.92,79.342,relaksasi,77
6gBFPUFcJLzWGx4lenP6h2,Travis Scott,goosebumps,4.06,130.049,energik,84
32OlwWuMpZ6b0aN2RZOeMS,Mark Ronson;Bruno Mars,Uptown Funk (feat. Bruno Mars),4.49,114.988,fokus,83
0KKkJNfGyhkQ5aFogxQAPU,Bruno Mars,That's What I Like,3.44,134.066,energik,83
3jjsRKEsF42ccXf8kWR3nu,Mitski,Washing Machine Heart,2.14,105.997,fokus,83
24Yi9hE78yPEbZ4kxyoXAI,SAINt JHN;Imanbek,Roses - Imanbek Remix,2.95,121.975,energik,81
2iUXsYOEPhVqEBwsqP70rE,5 Seconds of Summer,Youngblood,3.39,120.274,energik,81
01UeBfllW39eaKdiCw556R,Gentrammel,Out Of My Mind,2.9,78.009,relaksasi,71
7m9OqQk4RVRkw9JJdeAw96,XXXTENTACION,Jocelyn Flores,1.99,134.021,energik,84
1ri9ZUkBJVFUdgwzCnfcYs,Becky G;KAROL G,MAMIII,3.77,93.991,fokus,85
4h9wh7iOZ0GGn8QVp4RAOB,OneRepublic,I Ain't Worried,2.47,139.994,energik,96
4uUG5RXrOk84mYEfFvj3cK,David Guetta;Bebe Rexha,I'm Good (Blue),2.92,128.04,energik,98
3PfIrDoz19wz7qK7tYeu62,Dua Lipa,Don't Start Now,3.05,123.95,energik,81
1oZqKv594G6ojGvDhEFsDw,Dermot Kennedy,Innocence and Sadness,4.21,67.892,relaksasi,72
6E37j4b44JGpdk297urpKM,Bea Miller,like that,3.09,61.657,relaksasi,70
6mmPpaltUZK7xjNlBPQQ0p,Rauw Alejandro;Chencho Corleone,Desesperados,3.75,90.02,fokus,83
4CeeEOM32jQcH3eN9Q2dGj,Nirvana,Smells Like Teen Spirit,5.03,116.761,fokus,83
4Hv055xg1SZZgwwGBx8Cr5,Pritam;Shreya Ghoshal;TUSHAR JOSHI,"Rasiya (From ""Brahmastra"")",4.42,78.99,relaksasi,74
2Bs4jQEGMycglOfWPBqrVG,One Direction,Steal My Girl,3.8,77.217,relaksasi,80
7xoUc6faLbCqZO6fQEYprd,Ariana Grande,One Last Time,3.29,125.026,energik,83
6zAvNLJkdyRApUHnlJjKfO,Ali Zafar,Jhoom - R&B Mix,4.98,79.972,relaksasi,73
1R0a2iXumgCiFb7HEZ7gUE,Taylor Swift,Don’t Blame Me,3.94,135.917,energik,88
1TQXIltqoZ5XXyfCbAeSQQ,Sasha Alex Sloan,Dancing With Your Ghost,3.3,74.953,relaksasi,80
5NGtFXVpXSvwunEIGeviY3,Erik Satie;Philippe Entremont,Gymnopédie No. 1,3.43,72.776,relaksasi,70
40gvh6jP5qxMJuMmF9lG9A,The Neighbourhood,Baby Came Home 2 / Valentines,6.51,74.094,relaksasi,71
09mEdoA6zrmBPgTEN5qXmN,The Weeknd,Call Out My Name,3.81,134.17,energik,89
5WtfUKzXircvW8l5aaVZWT,Julia Michaels;Niall Horan,What A Time (feat. Niall Horan),2.89,132.861,energik,82
0wihfILRNOwE2156Shezc8,Bad Bunny,Agosto,2.32,115.018,fokus,83
6jGnykaS6TkWp15utXSAeI,Norah Jones,Come Away With Me,3.3,76.64,relaksasi,74
23T0OX7QOiIUFShSzbJ5Uo,Gabby Barrett,I Hope,3.51,75.998,relaksasi,74
5Xak5fmy089t0FYmh3VJiY,Pearl Jam,Black,5.71,77.15,relaksasi,74
2m6Ko3CY1qXNNja8AlugNc,Troye Sivan,Angel Baby,3.68,72.498,relaksasi,82
2IzV2SPZQLadtA46ni3ICq,Zion & Lennox;Maria Becerra,Berlin,4.1,121.008,energik,81
6kls8cSlUyHW2BUOkDJIZE,Ellie Goulding;Juice WRLD,Hate Me (with Juice WRLD),3.1,75.025,relaksasi,74
79HZAZNnOE97rb2hnI0XQr,Rauw Alejandro;Lyanno;Brray,LOKERA,3.25,102.019,fokus,91
2f0pn9DkEJwAzXApnFh5cr,BANNERS,Someone To You,3.66,74.988,relaksasi,77
0k4d5YPDr1r7FX77VdqWez,Doja Cat;The Weeknd,You Right,3.1,128.986,energik,84
2dpaYNEQHiRxtZbfNsse99,Marshmello;Bastille,Happier,3.57,100.015,fokus,83
6C1RD7YQVvt3YQj0CmuTeu,Bad Bunny;Ozuna;Farruko;Arcangel;Ñengo Flow;DJ Luian;Mambo Kingz,Diles,4.77,118.033,fokus,83
4r9jkMEnArtWGH2rL2FZl0,Bad Bunny,A Tu Merced,2.93,92.023,fokus,83
5uU1uuyaUIBOiiUSQG7Wl3,Morgan Wallen,You Proof,2.62,119.706,fokus,86
0BCy325UZyR9z0t0uxwn2N,Florida Georgia Line,H.O.L.Y.,3.24,78.077,relaksasi,71
2DlHlPMa4M17kufBvI2lEN,System Of A Down,Chop Suey!,3.5,127.066,energik,83
0lYBSQXN6rCTvUZvg9S0lU,DJ Snake;Justin Bieber,Let Me Love You,3.43,99.988,fokus,84
41oY4WCTj5kccfesTVFnvN,Bad Bunny;Jhayco,Tarot,3.96,114.011,fokus,91
2AT8iROs4FQueDv2c8q2KE,Arctic Monkeys,R U Mine?,3.36,97.094,fokus,83
5uEYRdEIh9Bo4fpjDd4Na9,Travis Scott;HVME,Goosebumps - Remix,2.71,124.917,energik,81
4cacyP5c3PMlfnyjpg13xW,Yung Gravy,Betty (Get Money),2.44,102.004,fokus,87
4d4ZXH4dr5bYfgErHiZCX2,Bad Bunny,Dos Mil 16,3.48,130.058,energik,87
0725YWm6Z0TpZ6wrNk64Eb,Frank Ocean;Earl Sweatshirt,Super Rich Kids,5.08,60.493,relaksasi,74
0CMYUXTTTmI6Lwc0opH2XG,Sohn Aelia,Herinneringen,2.87,73.644,relaksasi,74
2vXKRlJBXyOcvZYTdNeckS,Gesaffelstein;The Weeknd,Lost in the Fire (feat. The Weeknd),3.37,100.966,fokus,85
4ZHGRFGwjnEIXHG2FhcDPv,Cody Fry,I Hear a Symphony,3.09,75.787,relaksasi,76
2VlLbhGLVJgdOW7kKdWWFc,Billie Eilish,Six Feet Under,3.16,67.513,relaksasi,75
5nujrmhLynf4yMoMtj8AQF,Dua Lipa;DaBaby,Levitating (feat. DaBaby),3.38,102.977,fokus,85
6GomT970rCOkKAyyrwJeZi,Öwnboss;Sevek,Move Your Body,2.62,125.051,energik,82
0CZ8lquoTX2Dkg7Ak2inwA,King Princess,1950,3.75,71.912,relaksasi,72
48QmG1dfvMuYLxMPt7KSRA,Sean Paul;Dua Lipa,No Lie,3.69,102.04,fokus,83
5uCax9HTNlzGybIStD3vDh,James Arthur,Say You Won't Let Go,3.52,85.043,fokus,85
69vlMrzHwATKzupwNcUPyK,Bad Bunny;Daddy Yankee,La Santa,3.44,93.037,fokus,84
2eAvDnpXP5W0cVtiI0PUxV,Ruth B.,Dandelions,3.9,116.959,fokus,90
3B3eOgLJSqPEA0RfboIQVM,Bon Iver,Skinny Love,3.98,76.366,relaksasi,73
1TfqLAPs4K3s2rJMoCokcS,Eurythmics;Annie Lennox;Dave Stewart,Sweet Dreams (Are Made of This) - Remastered,3.62,125.135,energik,82
0kTMK4gNFfLXaTb62w1UaJ,Pablo Pesadilla;Polimá Westcoast;Nickoog Clk;Fran C,BABY OTAKU,2.94,102.003,fokus,88
1RF02Cf80mTaeNXG2P2boR,Nathan Dawe;Ella Henderson,21 Reasons (feat. Ella Henderson),2.59,123.96,energik,83
2DjWsDGgL1xNbhnr7f6t5F,Tracy Chapman,Baby Can I Hold You,3.22,74.375,relaksasi,74
4KlL5Bwlm4yHYxr0B2rHci,Tom Odell,Heal,3.22,72.246,relaksasi,74
0u2P5u6lvoDfwTYjAADbn4,Billie Eilish;Khalid,lovely (with Khalid),3.34,115.284,fokus,89
6urCAbunOQI4bLhmGpX7iS,No Doubt,Don't Speak,4.39,76.039,relaksasi,77
7H7NyZ3G075GqPx2evsfeb,Mac DeMarco,Chamber Of Reflection,3.86,131.03,energik,82
50kpGaPAhYJ3sGmk6vplg0,Justin Bieber,Love Yourself,3.9,100.418,fokus,84
10hMM5nsZQf66ldBlgWBfG,Labrinth;Zendaya,All For Us - from the HBO Original Series Euphoria,3.22,70.956,relaksasi,76
27ZZdyTSQWI7Cug2d2PkqV,Armani White,BILLIE EILISH.,1.65,100.007,fokus,89
2vWBUC9djv6BtiGlmKiQaH,Yot Club,YKWIM?,3.55,123.735,energik,84
7ef4DlsgrMEH11cDZd32M6,Calvin Harris;Dua Lipa,One Kiss (with Dua Lipa),3.58,123.994,energik,89
5v8aEcHcaJIGYpfVVPtJjI,The Neighbourhood,Wires,3.22,72.991,relaksasi,71
1Yk0cQdMLx5RzzFTYwmuld,Adele,Hello,4.93,78.991,relaksasi,74
4fSIb4hdOQ151TILNsSEaF,Rauw Alejandro,Todo De Ti,3.33,127.949,energik,82
3rmo8F54jFF8OgYsqTxm5d,Ed Sheeran,Bad Habits,3.85,126.011,energik,88
5ww2BF9slyYgNOk37BlC4u,Manuel Turizo,La Bachata,2.71,124.98,energik,98
6i1g5ZRmJZAkDwBaUZ3f2i,Luar La L,Caile,2.36,121.737,energik,91
2P4OICZRVAQcYAV2JReRfj,Avicii,Waiting For Love,3.84,127.999,energik,81
4u7EnebtmKWzUH433cf5Qv,Queen,Bohemian Rhapsody - Remastered 2011,5.91,71.105,relaksasi,82
4dVbhS6OiYvFikshyaQaCN,Foo Fighters,My Hero,4.33,77.106,relaksasi,76
5NORWMFC27ywGSZxi8uquP,The Lumineers,Ophelia,2.67,76.023,relaksasi,79
2tpWsVSb9UEmDRxAl1zhX1,OneRepublic,Counting Stars,4.29,122.016,energik,83
6TsVhM8qIkWN5cJVDIVbbz,Wisin & Yandel;ROSALÍA,Besos Moja2,3.82,94.048,fokus,83
47EiUVwUp4C9fGccaPuUCS,Bad Bunny;Jhayco,DÁKITI,3.42,109.928,fokus,83
1K3LRUEcUz5FMtPYyg0F45,The Lumineers,Ho Hey,2.72,79.907,relaksasi,79
0azC730Exh71aQlOt9Zj3y,Calvin Harris;Rihanna,This Is What You Came For,3.7,123.962,energik,81
63OQupATfueTdZMWTxW03A,Radiohead,Karma Police,4.4,74.807,relaksasi,76
4bHsxqR3GMrXTxEPLuK5ue,Journey,Don't Stop Believin',4.18,118.852,fokus,83
4kbj5MwxO1bq9wjT5g9HaA,WALK THE MOON,Shut Up and Dance,3.32,128.038,energik,83
4gC6xOiJLHTpIARRdmYMaQ,Lipsika;Aditya Iyengar,Ra Ra Reddy I Am Ready,4.33,78.971,relaksasi,72
4jPy3l0RUwlUI9T5XHBW2m,24kGoldn;iann dior,Mood (feat. iann dior),2.34,91.007,fokus,83
7nFJSfGvvV0WjatTZN6QYi,Luciano;Aitch;BIA,Bamba (feat. Aitch & BIA),3.39,138.082,energik,84
2NMjggapJcXXM7WccGEBUO,Bad Bunny,Enséñame a Bailar,2.93,105.009,fokus,84
2hLXUbsOU9cDb9RFva9FYr,Mora;Jhayco,MEMORIAS,3.81,127.963,energik,85
0e8nrvls4Qqv5Rfa2UhqmO,Lil Nas X,THATS WHAT I WANT,2.4,87.981,fokus,87
7JJmb5XwzOO8jgpou264Ml,Shawn Mendes,There's Nothing Holdin' Me Back,3.32,121.998,energik,86
7yFhA2fUsL2oIMWlw5DaHQ,Maren Morris,The Bones,3.29,77.004,relaksasi,75
3eJH2nAjvNXdmPfBkALiPZ,Jason Derulo,Acapulco,2.33,122.062,energik,81
6EbVuwU7EnKeF2hdpViXCH,Sleepy Hallow;347aidan,Die Young (feat. 347aidan),2.48,77.471,relaksasi,81
3ZCTVFBt2Brf31RLEnCkWJ,Billie Eilish,everything i wanted,4.09,120.006,energik,86
1u8c2t2Cy7UBoG4ArRcF5g,Taylor Swift,Blank Space,3.86,95.997,fokus,85
4NZrZgrRoR4GwR7flWOXRI,Two Feet,Go Fuck Yourself,2.16,74.931,relaksasi,77
3JvKfv6T31zO0ini8iNItO,Tom Odell,Another Love,4.07,122.769,energik,93
31i56LZnwE6uSu3exoHjtB,Bad Bunny,Neverita,2.89,122.016,energik,93
73CKjW3vsUXRpy3NnX4H7F,Radiohead,Fake Plastic Trees,4.85,73.543,relaksasi,72
6DCZcSspjsKoFjzjrWoCdn,Drake,God's Plan,3.32,77.169,relaksasi,84
0Q5VnK2DYzRyfqQRJuUtvi,IVE,LOVE DIVE,2.95,117.941,fokus,85
1Ame8XTX6QHY0l0ahqUhgv,Måneskin,THE LONELIEST,4.12,129.786,energik,85
7oN0Wo7sCVvXPdpxoio3JM,Madhur Sharma,Kali Kali Zulfon Ke (Lo-Fi),1.29,76.739,relaksasi,76
6Uj1ctrBOjOas8xZXGqKk4,Doja Cat,Woman,2.88,107.998,fokus,88
1IHWl5LamUGEuP4ozKQSXZ,Bad Bunny,Tití Me Preguntó,4.06,106.672,fokus,97
4C6Uex2ILwJi9sZXRdmqXp,Nicki Minaj,Super Freaky Girl,2.85,133.01,energik,92
57bgtoPSgt236HzfBOd8kj,AC/DC,Thunderstruck,4.88,133.52,energik,84
1mXVgsBdtIVeCLJnSnmtdV,Sam Smith,Too Good At Goodbyes,3.35,91.873,fokus,83
36lkJSDyMEZoWTqtRj8Q8q,Chicago,You're the Inspiration - 2006 Remaster,3.82,74.008,relaksasi,73
7fZBQnc0zXwVybgCIrQQil,Imanbek;BYOR,Belly Dancer,2.52,121.985,energik,87
7AQim7LbvFVZJE3O8TYgf2,XXXTENTACION;Trippie Redd,Fuck Love (feat. Trippie Redd),2.44,131.036,energik,83
2vR23BjIzpLMtzsyKrM6Mb,Kailash Kher;Paresh Kamath;Naresh Kamath,Saiyyan,5.73,74.653,relaksasi,70
7o2CTH4ctstm8TNelqjb51,Guns N' Roses,Sweet Child O' Mine,5.91,125.116,energik,84
2GiJYvgVaD2HtM8GqD9EgQ,BØRNS,Electric Love,3.64,120.041,energik,82
4pt5fDVTg5GhEvEtlz9dKk,Måneskin,I WANNA BE YOUR SLAVE,2.89,132.507,energik,83
6JIC3hbC28JZKZ8AlAqX8h,Elton John;Dua Lipa;PNAU,Cold Heart - PNAU Remix,3.38,116.032,fokus,83
18asYwWugKjjsihZ0YvRxO,Tiësto;Ava Max,The Motto,2.75,117.953,fokus,86
2uflssWlCaJ6CbTMOsUpNI,Bad Bunny,Aguacero,3.52,121.391,energik,84
4XqXNU8MwPHwbgZmNXmAdc,Maluma,Junio,2.81,120.024,energik,81
0d28khcov6AiegSCpG5TuT,Gorillaz,Feel Good Inc.,3.71,138.559,energik,84
75FEaRjZTKLhTrFGsfMUXR,Kate Bush,Running Up That Hill (A Deal With God),4.98,108.375,fokus,90
3FAclTFfvUuQYnEsptbK8w,Amy Winehouse,Back To Black,4.02,122.728,energik,81
3QGsuHI8jO1Rx4JWLUh9jd,Shawn Mendes,Treat You Better,3.13,82.695,fokus,84
0VO8gYVDSwM1Qdd2GsMoYK,Swedish House Mafia;The Weeknd,Moth To A Flame (with The Weeknd),3.9,120.146,energik,83
3UIENhLRdFIOuRan92cAQu,Duncan Dhu,En algún lugar,3.93,74.214,relaksasi,72
0xzI1KAr0Yd9tv8jlIk3sn,benny blanco;BTS;Snoop Dogg,Bad Decisions (with BTS & Snoop Dogg),2.88,120.048,energik,87
3yfqSUWxFvZELEM4PmlwIR,Eminem,The Real Slim Shady,4.74,104.504,fokus,87
2nLtzopw4rPReszdYBJU6h,Linkin Park,Numb,3.09,110.018,fokus,83
1PckUlxKqWQs3RlWXVBLw3,Lizzo,About Damn Time,3.2,108.966,fokus,89
67Hna13dNDkZvBpTXRIaOJ,Massive Attack,Teardrop,5.51,76.997,relaksasi,71
1is8gU4RVcN4J8xItxWoOY,Clinton Kane,I GUESS I'M IN LOVE,3.4,77.213,relaksasi,77
1bgKMxPQU7JIZEhNsM1vFs,Alesso;Zara Larsson,Words (feat. Zara Larsson),2.38,124.026,energik,85
0ct6r3EGTcMLPtrXHDvVjc,Avicii,The Nights,2.94,125.983,energik,86
0eu4C55hL6x29mmeAjytzC,Oliver Tree,Life Goes On,2.7,79.982,relaksasi,79
68Dni7IE4VyPkTOH9mRWHr,J. Cole,No Role Modelz,4.88,100.028,fokus,88
0pdfN7nOHMYmKykzu1cyfm,Shania Twain,Any Man Of Mine,4.11,78.235,relaksasi,73
5jt25aFjW2kNoBqaEVaz5W,Mora;Feid,LA INOCENTE,3.37,91.911,fokus,89
4a5pNRjwmzYQuEY1E7O6pj,Supertramp,Breakfast In America - 2010 Remastered,2.66,75.14,relaksasi,72
2QjOHCTQ1Jl3zawyYOpxh6,The Neighbourhood,Sweater Weather,4.01,124.053,energik,93
3N4DI1vuTSX1tz7fa2NQZw,Amy Winehouse,Rehab,3.58,71.815,relaksasi,73
